﻿Domain Code,Domain,Area Code (M49),Area,Element Code,Element,Item Code (CPC),Item,Year Code,Year,Unit,Value,Flag,Flag Description,Note
"QCL","Crops and livestock products","036","Australia","5419","Yield","01316","Mangoes, guavas and mangosteens","2018","2018","100 g/ha","39305","E","Estimated value",""
"QCL","Crops and livestock products","036","Australia","5419","Yield","01316","Mangoes, guavas and mangosteens","2019","2019","100 g/ha","36536","E","Estimated value",""
"QCL","Crops and livestock products","036","Australia","5419","Yield","01316","Mangoes, guavas and mangosteens","2020","2020","100 g/ha","42291","E","Estimated value",""
"QCL","Crops and livestock products","036","Australia","5419","Yield","01316","Mangoes, guavas and mangosteens","2021","2021","100 g/ha","42291","E","Estimated value",""
"QCL","Crops and livestock products","036","Australia","5419","Yield","01316","Mangoes, guavas and mangosteens","2022","2022","100 g/ha","42291","E","Estimated value",""
